00:00:00 INFO     00.191 GB Starting N coeval run: N=6                                                                                                          
00:00:00 INFO     00.192 GB gc.isenabled() = False (expected: False)                                                                                            
00:00:00 INFO     00.193 GB Already have 7 coevals done, at redshifts: [31.2973, 31.9432, 32.6021, 33.2741, 33.9596, 34.6588, 35.372]                           
00:00:00 INFO     00.193 GB Redshifts for this batch: 30.66 to 27.68                                                                                            
00:00:00 INFO     00.195 GB Existing InitialConditions found and read in (seed=42).                                                                             
00:09:15 INFO     00.430 TB Existing PerturbedField found at z=35.37197473298901 and read in (seed=42).                                                         
00:09:15 INFO     00.430 TB Existing PerturbedField found at z=34.658798757832365 and read in (seed=42).                                                        
00:09:15 INFO     00.430 TB Existing PerturbedField found at z=33.959606625325854 and read in (seed=42).                                                        
00:09:15 INFO     00.430 TB Existing PerturbedField found at z=33.27412414247633 and read in (seed=42).                                                         
00:09:15 INFO     00.430 TB Existing PerturbedField found at z=32.60208249262386 and read in (seed=42).                                                         
00:09:15 INFO     00.430 TB Existing PerturbedField found at z=31.943218130023396 and read in (seed=42).                                                        
00:09:15 INFO     00.430 TB Existing PerturbedField found at z=31.297272676493527 and read in (seed=42).                                                        
00:09:15 INFO     00.430 TB Existing PerturbedField found at z=30.663992820091696 and read in (seed=42).                                                        
00:09:15 INFO     00.430 TB Existing PerturbedField found at z=30.043130215776173 and read in (seed=42).                                                        
00:09:15 INFO     00.430 TB Existing PerturbedField found at z=29.43444138801586 and read in (seed=42).                                                         
00:09:15 INFO     00.430 TB Existing PerturbedField found at z=28.83768763530967 and read in (seed=42).                                                         
00:09:16 INFO     00.430 TB Existing PerturbedField found at z=28.25263493657811 and read in (seed=42).                                                         
00:09:16 INFO     00.430 TB Existing PerturbedField found at z=27.679053859390308 and read in (seed=42).                                                        
00:09:43 INFO     00.430 TB Existing HaloCatalog found at z=27.679053859390308 and read in (seed=42).                                                           
00:09:43 INFO     00.430 TB Existing HaloCatalog found at z=28.25263493657811 and read in (seed=42).                                                            
00:09:43 INFO     00.430 TB Existing HaloCatalog found at z=28.83768763530967 and read in (seed=42).                                                            
00:09:43 INFO     00.430 TB Existing HaloCatalog found at z=29.43444138801586 and read in (seed=42).                                                            
00:09:43 INFO     00.430 TB Existing HaloCatalog found at z=30.043130215776173 and read in (seed=42).                                                           
00:09:43 INFO     00.430 TB Existing HaloCatalog found at z=30.663992820091696 and read in (seed=42).                                                           
00:09:44 INFO     00.430 TB Existing HaloCatalog found at z=31.297272676493527 and read in (seed=42).                                                           
00:09:44 INFO     00.430 TB Existing HaloCatalog found at z=31.943218130023396 and read in (seed=42).                                                           
00:09:44 INFO     00.430 TB Existing HaloCatalog found at z=32.60208249262386 and read in (seed=42).                                                            
00:09:44 INFO     00.430 TB Existing HaloCatalog found at z=33.27412414247633 and read in (seed=42).                                                            
00:09:44 INFO     00.430 TB Existing HaloCatalog found at z=33.959606625325854 and read in (seed=42).                                                           
00:09:44 INFO     00.430 TB Existing HaloCatalog found at z=34.658798757832365 and read in (seed=42).                                                           
00:09:44 INFO     00.430 TB Existing HaloCatalog found at z=35.37197473298901 and read in (seed=42).                                                            
00:10:50 INFO     00.148 TB Existing HaloBox found at z=35.37197473298901 and read in (seed=42).                                                                
00:10:50 INFO     00.148 TB Existing TsBox found at z=35.37197473298901 and read in (seed=42).                                                                  
00:10:50 INFO     00.148 TB Existing IonizedBox found at z=35.37197473298901 and read in (seed=42).                                                             
00:10:50 INFO     00.148 TB Existing BrightnessTemp found at z=35.37197473298901 and read in (seed=42).                                                         
00:10:50 DEBUG    00.148 TB Skipping intermediate coeval at z=35.371975 (required for redshift evolution, not part of this batch)                               
00:11:54 INFO     00.197 TB Existing HaloBox found at z=34.658798757832365 and read in (seed=42).                                                               
00:11:54 INFO     00.197 TB Existing TsBox found at z=34.658798757832365 and read in (seed=42).                                                                 
00:11:55 INFO     00.197 TB Existing IonizedBox found at z=34.658798757832365 and read in (seed=42).                                                            
00:11:55 INFO     00.197 TB Existing BrightnessTemp found at z=34.658798757832365 and read in (seed=42).                                                        
00:12:44 DEBUG    00.234 TB Skipping intermediate coeval at z=34.658799 (required for redshift evolution, not part of this batch)                               
00:14:55 INFO     00.234 TB Existing HaloBox found at z=33.959606625325854 and read in (seed=42).                                                               
00:14:55 INFO     00.234 TB Existing TsBox found at z=33.959606625325854 and read in (seed=42).                                                                 
00:14:56 INFO     00.234 TB Existing IonizedBox found at z=33.959606625325854 and read in (seed=42).                                                            
00:14:56 INFO     00.234 TB Existing BrightnessTemp found at z=33.959606625325854 and read in (seed=42).                                                        
00:15:42 DEBUG    00.270 TB Skipping intermediate coeval at z=33.959607 (required for redshift evolution, not part of this batch)                               
00:17:50 INFO     00.270 TB Existing HaloBox found at z=33.27412414247633 and read in (seed=42).                                                                
00:17:50 INFO     00.270 TB Existing TsBox found at z=33.27412414247633 and read in (seed=42).                                                                  
00:17:50 INFO     00.270 TB Existing IonizedBox found at z=33.27412414247633 and read in (seed=42).                                                             
00:17:50 INFO     00.270 TB Existing BrightnessTemp found at z=33.27412414247633 and read in (seed=42).                                                         
00:19:20 DEBUG    00.307 TB Skipping intermediate coeval at z=33.274124 (required for redshift evolution, not part of this batch)                               
00:21:32 INFO     00.307 TB Existing HaloBox found at z=32.60208249262386 and read in (seed=42).                                                                
00:21:32 INFO     00.307 TB Existing TsBox found at z=32.60208249262386 and read in (seed=42).                                                                  
00:21:33 INFO     00.307 TB Existing IonizedBox found at z=32.60208249262386 and read in (seed=42).                                                             
00:21:33 INFO     00.307 TB Existing BrightnessTemp found at z=32.60208249262386 and read in (seed=42).                                                         
00:23:16 DEBUG    00.344 TB Skipping intermediate coeval at z=32.602082 (required for redshift evolution, not part of this batch)                               
00:25:32 INFO     00.344 TB Existing HaloBox found at z=31.943218130023396 and read in (seed=42).                                                               
00:25:33 INFO     00.344 TB Existing TsBox found at z=31.943218130023396 and read in (seed=42).                                                                 
00:25:33 INFO     00.344 TB Existing IonizedBox found at z=31.943218130023396 and read in (seed=42).                                                            
00:25:33 INFO     00.344 TB Existing BrightnessTemp found at z=31.943218130023396 and read in (seed=42).                                                        
00:27:06 DEBUG    00.381 TB Skipping intermediate coeval at z=31.943218 (required for redshift evolution, not part of this batch)                               
00:29:01 INFO     00.381 TB Existing HaloBox found at z=31.297272676493527 and read in (seed=42).                                                               
00:29:02 INFO     00.381 TB Existing TsBox found at z=31.297272676493527 and read in (seed=42).                                                                 
00:29:02 INFO     00.381 TB Existing IonizedBox found at z=31.297272676493527 and read in (seed=42).                                                            
00:29:02 INFO     00.381 TB Existing BrightnessTemp found at z=31.297272676493527 and read in (seed=42).                                                        
00:30:41 DEBUG    00.418 TB Skipping intermediate coeval at z=31.297273 (required for redshift evolution, not part of this batch)                               
00:32:58 INFO     00.418 TB Existing HaloBox found at z=30.663992820091696 and read in (seed=42).                                                               
00:32:58 INFO     00.418 TB Existing TsBox found at z=30.663992820091696 and read in (seed=42).                                                                 
00:36:59 DEBUG    00.516 TB Calling ComputeIonizedBox with following args:                                                                                      
00:36:59 DEBUG    00.516 TB     30.663992820091696                                                                                                              
00:36:59 DEBUG    00.516 TB     31.297272676493527                                                                                                              
00:38:21 DEBUG    00.516 TB                                                                                                                                     
00:38:21 DEBUG    00.516 TB                PerturbedField       1st:         End:         Min:         Max:         Mean:                                       
00:38:21 DEBUG    00.516 TB                           density: -5.3312e-02, -8.8228e-02, -4.2567e-01,  8.3919e-01, -6.9444e-12                                  
00:38:21 DEBUG    00.516 TB                        velocity_z:  4.6651e-20, -7.8858e-18, -4.0093e-16,  3.9066e-16, -6.5692e-28                                  
00:38:21 DEBUG    00.516 TB                        velocity_x:  1.1996e-16,  1.3372e-16, -3.8929e-16,  3.8302e-16,  2.9606e-25                                  
00:38:21 DEBUG    00.516 TB                        velocity_y: -3.1253e-18,  4.7929e-19, -3.8704e-16,  4.0132e-16, -9.6374e-27                                  
00:38:21 DEBUG    00.516 TB                                                                                                                                     
00:39:28 DEBUG    00.516 TB                                                                                                                                     
00:39:28 DEBUG    00.516 TB                PerturbedField       1st:         End:         Min:         Max:         Mean:                                       
00:39:28 DEBUG    00.516 TB                           density: -5.4579e-02, -8.4933e-02, -4.2104e-01,  8.1470e-01, -1.2731e-11                                  
00:39:28 DEBUG    00.516 TB                        velocity_z:  3.1494e-20, -7.9709e-18, -4.0331e-16,  3.9453e-16, -7.2908e-29                                  
00:39:28 DEBUG    00.516 TB                        velocity_x:  1.2071e-16,  1.3497e-16, -3.9151e-16,  3.8748e-16, -1.9737e-25                                  
00:39:28 DEBUG    00.516 TB                        velocity_y: -3.1564e-18,  4.6365e-19, -3.9089e-16,  4.0547e-16, -1.2464e-26                                  
00:39:28 DEBUG    00.516 TB                                                                                                                                     
00:40:21 DEBUG    00.516 TB                                                                                                                                     
00:40:21 DEBUG    00.516 TB                    IonizedBox       1st:         End:         Min:         Max:         Mean:                                       
00:40:21 DEBUG    00.516 TB                  neutral_fraction:  uninitialized                                                                                   
00:40:21 DEBUG    00.516 TB               ionisation_rate_G12:  0.0000e+00,  0.0000e+00,  0.0000e+00,  0.0000e+00,  0.0000e+00                                  
00:40:21 DEBUG    00.516 TB                           z_reion: -1.0000e+00, -1.0000e+00, -1.0000e+00, -1.0000e+00, -1.0000e+00                                  
00:40:21 DEBUG    00.516 TB         cumulative_recombinations:  0.0000e+00,  0.0000e+00,  0.0000e+00,  0.0000e+00,  0.0000e+00                                  
00:40:21 DEBUG    00.516 TB                       mean_f_coll: 6.331381876837018e-09                                                                            
00:40:21 DEBUG    00.516 TB                  mean_f_coll_MINI: 2.1013835664524793e-06                                                                           
00:40:21 DEBUG    00.516 TB               log10_Mturnover_ave: 7.225390677870942                                                                                
00:40:21 DEBUG    00.516 TB          log10_Mturnover_MINI_ave: 5.754974468517867                                                                                
00:40:21 DEBUG    00.516 TB                                                                                                                                     
00:41:14 DEBUG    00.516 TB                                                                                                                                     
00:41:14 DEBUG    00.516 TB                         TsBox       1st:         End:         Min:         Max:         Mean:                                       
00:41:14 DEBUG    00.516 TB                  spin_temperature:  uninitialized                                                                                   
00:41:14 DEBUG    00.516 TB             xray_ionised_fraction:  1.9862e-04,  1.9876e-04,  1.9550e-04,  2.0072e-04,  1.9835e-04                                  
00:41:14 DEBUG    00.516 TB              kinetic_temp_neutral:  1.9342e+01,  1.9146e+01,  1.5500e+01,  2.6803e+01,  1.9868e+01                                  
00:41:14 DEBUG    00.516 TB                           J_21_LW:  9.2104e-05,  9.0457e-05,  3.7420e-05,  2.8641e-02,  1.0275e-04                                  
00:41:14 DEBUG    00.516 TB                              Q_HI: 0.9999860522341012                                                                               
00:41:14 DEBUG    00.516 TB                                                                                                                                     
00:41:49 DEBUG    00.516 TB                                                                                                                                     
00:41:49 DEBUG    00.516 TB                       HaloBox       1st:         End:         Min:         Max:         Mean:                                       
00:41:49 DEBUG    00.516 TB                          halo_sfr:  uninitialized                                                                                   
00:41:49 DEBUG    00.516 TB                     halo_sfr_mini:  uninitialized                                                                                   
00:41:49 DEBUG    00.516 TB                         halo_xray:  uninitialized                                                                                   
00:41:49 DEBUG    00.516 TB                             n_ion:  8.1019e+02,  7.9148e+03,  5.2596e-02,  2.3432e+08,  9.9540e+04                                  
00:41:49 DEBUG    00.516 TB                         whalo_sfr:  1.0775e-12,  1.0526e-11,  6.9946e-17,  3.1161e-07,  1.3238e-10                                  
00:41:49 DEBUG    00.516 TB               log10_Mcrit_ACG_ave: 7.238310813596496                                                                                
00:41:49 DEBUG    00.516 TB               log10_Mcrit_MCG_ave: 5.768465239782394                                                                                
00:41:49 DEBUG    00.516 TB                                                                                                                                     
00:44:07 DEBUG    00.516 TB                                                                                                                                     
00:44:07 DEBUG    00.516 TB             InitialConditions       1st:         End:         Min:         Max:         Mean:                                       
00:44:07 DEBUG    00.516 TB                    lowres_density: -4.8593e+00, -3.2803e+00, -1.7979e+01,  1.7834e+01,  7.3063e-07                                  
00:44:07 DEBUG    00.516 TB                         lowres_vx:  1.3299e+01,  1.5238e+01, -4.6975e+01,  4.4279e+01, -3.0104e-07                                  
00:44:07 DEBUG    00.516 TB                         lowres_vy: -2.6850e-01, -3.2608e-01, -4.4845e+01,  4.6838e+01,  7.7861e-08                                  
00:44:07 DEBUG    00.516 TB                         lowres_vz:  5.6485e-01, -1.1940e+00, -4.6227e+01,  4.6413e+01,  3.9816e-07                                  
00:44:07 DEBUG    00.516 TB                     hires_density:  uninitialized                                                                                   
00:44:07 DEBUG    00.516 TB                    lowres_vx_2LPT:  2.2541e+00,  8.3663e-01, -4.9090e+01,  4.9992e+01, -1.9261e-06                                  
00:44:07 DEBUG    00.516 TB                    lowres_vy_2LPT: -3.6052e+00, -1.0367e+00, -6.0607e+01,  5.3904e+01, -4.4344e-08                                  
00:44:07 DEBUG    00.516 TB                    lowres_vz_2LPT: -7.1012e-01,  7.0897e-01, -4.8438e+01,  5.1543e+01, -2.1833e-06                                  
00:44:07 DEBUG    00.516 TB                     hires_vx_2LPT:  uninitialized                                                                                   
00:44:07 DEBUG    00.516 TB                     hires_vy_2LPT:  uninitialized                                                                                   
00:44:07 DEBUG    00.516 TB                     hires_vz_2LPT:  uninitialized                                                                                   
00:44:07 DEBUG    00.516 TB                        lowres_vcb:  2.8562e+01,  3.2078e+01,  2.1102e-02,  1.0719e+02,  2.6835e+01                                  
00:44:07 DEBUG    00.516 TB                                                                                                                                     
05:48:53 DEBUG    00.565 TB Calling ComputeBrightnessTemp with following args:                                                                                  
05:48:53 DEBUG    00.565 TB     30.663992820091696                                                                                                              
05:50:17 DEBUG    00.565 TB                                                                                                                                     
05:50:17 DEBUG    00.565 TB                         TsBox       1st:         End:         Min:         Max:         Mean:                                       
05:50:17 DEBUG    00.565 TB                  spin_temperature:  7.9143e+01,  7.9423e+01,  6.4621e+01,  8.2613e+01,  7.8655e+01                                  
05:50:17 DEBUG    00.565 TB             xray_ionised_fraction:  1.9862e-04,  1.9876e-04,  1.9550e-04,  2.0072e-04,  1.9835e-04                                  
05:50:17 DEBUG    00.565 TB              kinetic_temp_neutral:  1.9342e+01,  1.9146e+01,  1.5500e+01,  2.6803e+01,  1.9868e+01                                  
05:50:17 DEBUG    00.565 TB                           J_21_LW:  9.2104e-05,  9.0457e-05,  3.7420e-05,  2.8641e-02,  1.0275e-04                                  
05:50:17 DEBUG    00.565 TB                              Q_HI: 0.9999860522341012                                                                               
05:50:17 DEBUG    00.565 TB                                                                                                                                     
05:51:27 DEBUG    00.565 TB                                                                                                                                     
05:51:27 DEBUG    00.565 TB                    IonizedBox       1st:         End:         Min:         Max:         Mean:                                       
05:51:27 DEBUG    00.565 TB                  neutral_fraction:  9.9980e-01,  9.9980e-01,  9.7819e-01,  9.9980e-01,  9.9979e-01                                  
05:51:27 DEBUG    00.565 TB               ionisation_rate_G12:  0.0000e+00,  0.0000e+00,  0.0000e+00,  0.0000e+00,  0.0000e+00                                  
05:51:27 DEBUG    00.565 TB                           z_reion: -1.0000e+00, -1.0000e+00, -1.0000e+00, -1.0000e+00, -1.0000e+00                                  
05:51:27 DEBUG    00.565 TB         cumulative_recombinations:  0.0000e+00,  0.0000e+00,  0.0000e+00,  0.0000e+00,  0.0000e+00                                  
05:51:27 DEBUG    00.565 TB                       mean_f_coll: 99539.9859330825                                                                                 
05:51:27 DEBUG    00.565 TB                  mean_f_coll_MINI: 1.7599358884579498e-07                                                                           
05:51:27 DEBUG    00.565 TB               log10_Mturnover_ave: 7.238310813596496                                                                                
05:51:27 DEBUG    00.565 TB          log10_Mturnover_MINI_ave: 5.768465239782394                                                                                
05:51:27 DEBUG    00.565 TB                                                                                                                                     
05:52:40 DEBUG    00.565 TB                                                                                                                                     
05:52:40 DEBUG    00.565 TB                PerturbedField       1st:         End:         Min:         Max:         Mean:                                       
05:52:40 DEBUG    00.565 TB                           density: -5.3312e-02, -8.8228e-02, -4.2567e-01,  8.3919e-01, -6.9444e-12                                  
05:52:40 DEBUG    00.565 TB                        velocity_z:  4.6651e-20, -7.8858e-18, -4.0093e-16,  3.9066e-16, -6.5692e-28                                  
05:52:40 DEBUG    00.565 TB                        velocity_x:  1.1996e-16,  1.3372e-16, -3.8929e-16,  3.8302e-16,  2.9606e-25                                  
05:52:40 DEBUG    00.565 TB                        velocity_y: -3.1253e-18,  4.7929e-19, -3.8704e-16,  4.0132e-16, -9.6374e-27                                  
05:52:40 DEBUG    00.565 TB                                                                                                                                     
05:55:01 INFO     00.626 TB coeval 1/6: z=30.663993                                                                                                             
05:55:01 INFO     00.626 TB coeval 1/6 done in 21301.43s (average CPU cores: 1.89; peak RSS: 00.651 TB)                                                         
05:55:03 DEBUG    00.344 TB gc.collect() after coeval 1/6 collected 198423 objects                                                                              
06:00:06 DEBUG    00.442 TB Calling ComputeHaloBox with following args:                                                                                         
06:00:06 DEBUG    00.442 TB     30.043130215776173                                                                                                              
06:02:42 DEBUG    00.442 TB                                                                                                                                     
06:02:42 DEBUG    00.442 TB             InitialConditions       1st:         End:         Min:         Max:         Mean:                                       
06:02:42 DEBUG    00.442 TB                    lowres_density: -4.8593e+00, -3.2803e+00, -1.7979e+01,  1.7834e+01,  7.3063e-07                                  
06:02:42 DEBUG    00.442 TB                         lowres_vx:  1.3299e+01,  1.5238e+01, -4.6975e+01,  4.4279e+01, -3.0104e-07                                  
06:02:42 DEBUG    00.442 TB                         lowres_vy: -2.6850e-01, -3.2608e-01, -4.4845e+01,  4.6838e+01,  7.7861e-08                                  
06:02:42 DEBUG    00.442 TB                         lowres_vz:  5.6485e-01, -1.1940e+00, -4.6227e+01,  4.6413e+01,  3.9816e-07                                  
06:02:42 DEBUG    00.442 TB                     hires_density:  uninitialized                                                                                   
06:02:42 DEBUG    00.442 TB                    lowres_vx_2LPT:  2.2541e+00,  8.3663e-01, -4.9090e+01,  4.9992e+01, -1.9261e-06                                  
06:02:42 DEBUG    00.442 TB                    lowres_vy_2LPT: -3.6052e+00, -1.0367e+00, -6.0607e+01,  5.3904e+01, -4.4344e-08                                  
06:02:42 DEBUG    00.442 TB                    lowres_vz_2LPT: -7.1012e-01,  7.0897e-01, -4.8438e+01,  5.1543e+01, -2.1833e-06                                  
06:02:42 DEBUG    00.442 TB                     hires_vx_2LPT:  uninitialized                                                                                   
06:02:42 DEBUG    00.442 TB                     hires_vy_2LPT:  uninitialized                                                                                   
06:02:42 DEBUG    00.442 TB                     hires_vz_2LPT:  uninitialized                                                                                   
06:02:42 DEBUG    00.442 TB                        lowres_vcb:  2.8562e+01,  3.2078e+01,  2.1102e-02,  1.0719e+02,  2.6835e+01                                  
06:02:42 DEBUG    00.442 TB                                                                                                                                     
06:02:42 DEBUG    00.442 TB                                                                                                                                     
06:02:42 DEBUG    00.442 TB                   HaloCatalog       1st:         End:         Min:         Max:         Mean:                                       
06:02:42 DEBUG    00.442 TB                       halo_masses: size zero                                                                                        
06:02:42 DEBUG    00.442 TB                          star_rng: size zero                                                                                        
06:02:42 DEBUG    00.442 TB                           sfr_rng: size zero                                                                                        
06:02:42 DEBUG    00.442 TB                          xray_rng: size zero                                                                                        
06:02:42 DEBUG    00.442 TB                       halo_coords: size zero                                                                                        
06:02:42 DEBUG    00.442 TB                           n_halos: 0                                                                                                
06:02:42 DEBUG    00.442 TB                       buffer_size: 0                                                                                                
06:02:42 DEBUG    00.442 TB                                                                                                                                     
06:02:59 DEBUG    00.442 TB                                                                                                                                     
06:02:59 DEBUG    00.442 TB                         TsBox       1st:         End:         Min:         Max:         Mean:                                       
06:02:59 DEBUG    00.442 TB                  spin_temperature:  uninitialized                                                                                   
06:02:59 DEBUG    00.442 TB             xray_ionised_fraction:  uninitialized                                                                                   
06:02:59 DEBUG    00.442 TB              kinetic_temp_neutral:  uninitialized                                                                                   
06:02:59 DEBUG    00.442 TB                           J_21_LW:  9.2104e-05,  9.0457e-05,  3.7420e-05,  2.8641e-02,  1.0275e-04                                  
06:02:59 DEBUG    00.442 TB                              Q_HI: 0.9999860522341012                                                                               
06:02:59 DEBUG    00.442 TB                                                                                                                                     
06:03:36 DEBUG    00.442 TB                                                                                                                                     
06:03:36 DEBUG    00.442 TB                    IonizedBox       1st:         End:         Min:         Max:         Mean:                                       
06:03:36 DEBUG    00.442 TB                  neutral_fraction:  uninitialized                                                                                   
06:03:36 DEBUG    00.442 TB               ionisation_rate_G12:  0.0000e+00,  0.0000e+00,  0.0000e+00,  0.0000e+00,  0.0000e+00                                  
06:03:36 DEBUG    00.442 TB                           z_reion: -1.0000e+00, -1.0000e+00, -1.0000e+00, -1.0000e+00, -1.0000e+00                                  
06:03:36 DEBUG    00.442 TB         cumulative_recombinations:  uninitialized                                                                                   
06:03:36 DEBUG    00.442 TB                       mean_f_coll: 99539.9859330825                                                                                 
06:03:36 DEBUG    00.442 TB                  mean_f_coll_MINI: 1.7599358884579498e-07                                                                           
06:03:36 DEBUG    00.442 TB               log10_Mturnover_ave: 7.238310813596496                                                                                
06:03:36 DEBUG    00.442 TB          log10_Mturnover_MINI_ave: 5.768465239782394                                                                                
06:03:36 DEBUG    00.442 TB                                                                                                                                     
06:13:29 DEBUG    00.577 TB Calling UpdateXraySourceBox with following args:                                                                                    
06:14:19 DEBUG    00.577 TB                                                                                                                                     
06:14:19 DEBUG    00.577 TB                       HaloBox       1st:         End:         Min:         Max:         Mean:                                       
06:14:19 DEBUG    00.577 TB                          halo_sfr:  4.8977e-19,  1.1711e-17,  5.8125e-25,  1.5579e-11,  5.4504e-16                                  
06:14:19 DEBUG    00.577 TB                     halo_sfr_mini:  9.6502e-17,  9.6397e-16,  6.3312e-21,  1.9906e-11,  1.1576e-14                                  
06:14:19 DEBUG    00.577 TB                         halo_xray:  1.7804e-06,  1.7862e-05,  1.1697e-10,  6.3321e-01,  2.2102e-04                                  
06:14:19 DEBUG    00.577 TB                             n_ion:  initialized                                                                                     
06:14:19 DEBUG    00.577 TB                         whalo_sfr:  initialized                                                                                     
06:14:19 DEBUG    00.577 TB               log10_Mcrit_ACG_ave: None                                                                                             
06:14:19 DEBUG    00.577 TB               log10_Mcrit_MCG_ave: 5.781859533689735                                                                                
06:14:19 DEBUG    00.577 TB                                                                                                                                     
06:14:19 DEBUG    00.577 TB     0                                                                                                                               
06:14:19 DEBUG    00.577 TB     0.9305257363491002                                                                                                              
06:14:19 DEBUG    00.577 TB     0                                                                                                                               
06:14:19 DEBUG    00.577 TB     0.0                                                                                                                             
06:27:25 DEBUG    00.614 TB Calling UpdateXraySourceBox with following args:                                                                                    
06:28:23 DEBUG    00.614 TB                                                                                                                                     
06:28:23 DEBUG    00.614 TB                       HaloBox       1st:         End:         Min:         Max:         Mean:                                       
06:28:23 DEBUG    00.614 TB                          halo_sfr:  4.8568e-19,  1.1615e-17,  5.7580e-25,  1.5485e-11,  5.4107e-16                                  
06:28:23 DEBUG    00.614 TB                     halo_sfr_mini:  9.5863e-17,  9.5776e-16,  6.2827e-21,  1.9830e-11,  1.1510e-14                                  
06:28:23 DEBUG    00.614 TB                         halo_xray:  1.7687e-06,  1.7747e-05,  1.1608e-10,  6.3023e-01,  2.1977e-04                                  
06:28:23 DEBUG    00.614 TB                             n_ion:  initialized                                                                                     
06:28:23 DEBUG    00.614 TB                         whalo_sfr:  initialized                                                                                     
06:28:23 DEBUG    00.614 TB               log10_Mcrit_ACG_ave: None                                                                                             
06:28:23 DEBUG    00.614 TB               log10_Mcrit_MCG_ave: 5.781598255573111                                                                                
06:28:23 DEBUG    00.614 TB                                                                                                                                     
06:28:23 DEBUG    00.614 TB     0.9305257363491002                                                                                                              
06:28:23 DEBUG    00.614 TB     1.0888910536868943                                                                                                              
06:28:23 DEBUG    00.614 TB     1                                                                                                                               
06:28:23 DEBUG    00.614 TB     0.0                                                                                                                             
06:42:04 DEBUG    00.651 TB Calling UpdateXraySourceBox with following args:                                                                                    
06:42:58 DEBUG    00.651 TB                                                                                                                                     
06:42:58 DEBUG    00.651 TB                       HaloBox       1st:         End:         Min:         Max:         Mean:                                       
06:42:58 DEBUG    00.651 TB                          halo_sfr:  4.8438e-19,  1.1585e-17,  5.7408e-25,  1.5455e-11,  5.3981e-16                                  
06:42:58 DEBUG    00.651 TB                     halo_sfr_mini:  9.5661e-17,  9.5580e-16,  6.2674e-21,  1.9806e-11,  1.1490e-14                                  
06:42:58 DEBUG    00.651 TB                         halo_xray:  1.7650e-06,  1.7711e-05,  1.1580e-10,  6.2929e-01,  2.1938e-04                                  
06:42:58 DEBUG    00.651 TB                             n_ion:  initialized                                                                                     
06:42:58 DEBUG    00.651 TB                         whalo_sfr:  initialized                                                                                     
06:42:58 DEBUG    00.651 TB               log10_Mcrit_ACG_ave: None                                                                                             
06:42:58 DEBUG    00.651 TB               log10_Mcrit_MCG_ave: 5.781515581160075                                                                                
06:42:58 DEBUG    00.651 TB                                                                                                                                     
06:42:58 DEBUG    00.651 TB     1.0888910536868943                                                                                                              
06:42:58 DEBUG    00.651 TB     1.2742084184058808                                                                                                              
06:42:58 DEBUG    00.651 TB     2                                                                                                                               
06:42:58 DEBUG    00.651 TB     0.0                                                                                                                             
06:56:19 DEBUG    00.688 TB Calling UpdateXraySourceBox with following args:                                                                                    
06:57:18 DEBUG    00.688 TB                                                                                                                                     
06:57:18 DEBUG    00.688 TB                       HaloBox       1st:         End:         Min:         Max:         Mean:                                       
06:57:18 DEBUG    00.688 TB                          halo_sfr:  4.8286e-19,  1.1549e-17,  5.7206e-25,  1.5420e-11,  5.3834e-16                                  
06:57:18 DEBUG    00.688 TB                     halo_sfr_mini:  9.5425e-17,  9.5350e-16,  6.2494e-21,  1.9778e-11,  1.1466e-14                                  
06:57:18 DEBUG    00.688 TB                         halo_xray:  1.7606e-06,  1.7668e-05,  1.1547e-10,  6.2819e-01,  2.1892e-04                                  
06:57:18 DEBUG    00.688 TB                             n_ion:  initialized                                                                                     
06:57:18 DEBUG    00.688 TB                         whalo_sfr:  initialized                                                                                     
06:57:18 DEBUG    00.688 TB               log10_Mcrit_ACG_ave: None                                                                                             
06:57:18 DEBUG    00.688 TB               log10_Mcrit_MCG_ave: 5.781418836099467                                                                                
06:57:18 DEBUG    00.688 TB                                                                                                                                     
06:57:18 DEBUG    00.688 TB     1.2742084184058808                                                                                                              
06:57:18 DEBUG    00.688 TB     1.491064774606255                                                                                                               
06:57:18 DEBUG    00.688 TB     3                                                                                                                               
06:57:18 DEBUG    00.688 TB     0.0                                                                                                                             
07:10:36 DEBUG    00.725 TB Calling UpdateXraySourceBox with following args:                                                                                    
07:11:28 DEBUG    00.725 TB                                                                                                                                     
07:11:28 DEBUG    00.725 TB                       HaloBox       1st:         End:         Min:         Max:         Mean:                                       
07:11:28 DEBUG    00.725 TB                          halo_sfr:  4.8109e-19,  1.1508e-17,  5.6970e-25,  1.5380e-11,  5.3662e-16                                  
07:11:28 DEBUG    00.725 TB                     halo_sfr_mini:  9.5148e-17,  9.5081e-16,  6.2284e-21,  1.9745e-11,  1.1437e-14                                  
07:11:28 DEBUG    00.725 TB                         halo_xray:  1.7555e-06,  1.7619e-05,  1.1508e-10,  6.2689e-01,  2.1837e-04                                  
07:11:28 DEBUG    00.725 TB                             n_ion:  initialized                                                                                     
07:11:28 DEBUG    00.725 TB                         whalo_sfr:  initialized                                                                                     
07:11:28 DEBUG    00.725 TB               log10_Mcrit_ACG_ave: None                                                                                             
07:11:28 DEBUG    00.725 TB               log10_Mcrit_MCG_ave: 5.781305626086172                                                                                
07:11:28 DEBUG    00.725 TB                                                                                                                                     
07:11:28 DEBUG    00.725 TB     1.491064774606255                                                                                                               
07:11:28 DEBUG    00.725 TB     1.7448277141765123                                                                                                              
07:11:28 DEBUG    00.725 TB     4                                                                                                                               
07:11:28 DEBUG    00.725 TB     0.0                                                                                                                             
07:24:52 DEBUG    00.761 TB Calling UpdateXraySourceBox with following args:                                                                                    
07:25:49 DEBUG    00.761 TB                                                                                                                                     
07:25:49 DEBUG    00.761 TB                       HaloBox       1st:         End:         Min:         Max:         Mean:                                       
07:25:49 DEBUG    00.761 TB                          halo_sfr:  4.7901e-19,  1.1459e-17,  5.6694e-25,  1.5332e-11,  5.3460e-16                                  
07:25:49 DEBUG    00.761 TB                     halo_sfr_mini:  9.4824e-17,  9.4766e-16,  6.2038e-21,  1.9706e-11,  1.1404e-14                                  
07:25:49 DEBUG    00.761 TB                         halo_xray:  1.7496e-06,  1.7561e-05,  1.1463e-10,  6.2538e-01,  2.1774e-04                                  
07:25:49 DEBUG    00.761 TB                             n_ion:  initialized                                                                                     
07:25:49 DEBUG    00.761 TB                         whalo_sfr:  initialized                                                                                     
07:25:49 DEBUG    00.761 TB               log10_Mcrit_ACG_ave: None                                                                                             
07:25:49 DEBUG    00.761 TB               log10_Mcrit_MCG_ave: 5.781173148965065                                                                                
07:25:49 DEBUG    00.761 TB                                                                                                                                     
07:25:49 DEBUG    00.761 TB     1.7448277141765123                                                                                                              
07:25:49 DEBUG    00.761 TB     2.041778334520962                                                                                                               
07:25:49 DEBUG    00.761 TB     5                                                                                                                               
07:25:49 DEBUG    00.761 TB     0.0                                                                                                                             
07:39:02 DEBUG    00.798 TB Calling UpdateXraySourceBox with following args:                                                                                    
07:39:59 DEBUG    00.798 TB                                                                                                                                     
07:39:59 DEBUG    00.798 TB                       HaloBox       1st:         End:         Min:         Max:         Mean:                                       
07:39:59 DEBUG    00.798 TB                          halo_sfr:  4.7658e-19,  1.1402e-17,  5.6371e-25,  1.5276e-11,  5.3225e-16                                  
07:39:59 DEBUG    00.798 TB                     halo_sfr_mini:  9.4445e-17,  9.4398e-16,  6.1750e-21,  1.9661e-11,  1.1366e-14                                  
07:39:59 DEBUG    00.798 TB                         halo_xray:  1.7426e-06,  1.7493e-05,  1.1410e-10,  6.2362e-01,  2.1700e-04                                  
07:39:59 DEBUG    00.798 TB                             n_ion:  initialized                                                                                     
07:39:59 DEBUG    00.798 TB                         whalo_sfr:  initialized                                                                                     
07:39:59 DEBUG    00.798 TB               log10_Mcrit_ACG_ave: None                                                                                             
07:39:59 DEBUG    00.798 TB               log10_Mcrit_MCG_ave: 5.781018125684832                                                                                
07:39:59 DEBUG    00.798 TB                                                                                                                                     
07:39:59 DEBUG    00.798 TB     2.041778334520962                                                                                                               
07:39:59 DEBUG    00.798 TB     2.3892667072214198                                                                                                              
07:39:59 DEBUG    00.798 TB     6                                                                                                                               
07:39:59 DEBUG    00.798 TB     0.0                                                                                                                             
07:53:20 DEBUG    00.835 TB Calling UpdateXraySourceBox with following args:                                                                                    
07:54:15 DEBUG    00.835 TB                                                                                                                                     
07:54:15 DEBUG    00.835 TB                       HaloBox       1st:         End:         Min:         Max:         Mean:                                       
07:54:15 DEBUG    00.835 TB                          halo_sfr:  4.7374e-19,  1.1336e-17,  5.5993e-25,  1.5210e-11,  5.2949e-16                                  
07:54:15 DEBUG    00.835 TB                     halo_sfr_mini:  9.4001e-17,  9.3966e-16,  6.1413e-21,  1.9609e-11,  1.1320e-14                                  
07:54:15 DEBUG    00.835 TB                         halo_xray:  1.7345e-06,  1.7413e-05,  1.1348e-10,  6.2155e-01,  2.1613e-04                                  
07:54:15 DEBUG    00.835 TB                             n_ion:  initialized                                                                                     
07:54:15 DEBUG    00.835 TB                         whalo_sfr:  initialized                                                                                     
07:54:15 DEBUG    00.835 TB               log10_Mcrit_ACG_ave: None                                                                                             
07:54:15 DEBUG    00.835 TB               log10_Mcrit_MCG_ave: 5.780836719135432                                                                                
07:54:15 DEBUG    00.835 TB                                                                                                                                     
07:54:15 DEBUG    00.835 TB     2.3892667072214198                                                                                                              
07:54:15 DEBUG    00.835 TB     2.795893805767131                                                                                                               
07:54:15 DEBUG    00.835 TB     7                                                                                                                               
07:54:15 DEBUG    00.835 TB     0.0                                                                                                                             
08:07:42 DEBUG    00.872 TB Calling UpdateXraySourceBox with following args:                                                                                    
08:08:42 DEBUG    00.872 TB                                                                                                                                     
08:08:42 DEBUG    00.872 TB                       HaloBox       1st:         End:         Min:         Max:         Mean:                                       
08:08:42 DEBUG    00.872 TB                          halo_sfr:  4.7041e-19,  1.1258e-17,  5.5551e-25,  1.5134e-11,  5.2626e-16                                  
08:08:42 DEBUG    00.872 TB                     halo_sfr_mini:  9.3482e-17,  9.3462e-16,  6.1019e-21,  1.9547e-11,  1.1267e-14                                  
08:08:42 DEBUG    00.872 TB                         halo_xray:  1.7250e-06,  1.7320e-05,  1.1275e-10,  6.1913e-01,  2.1512e-04                                  
08:08:42 DEBUG    00.872 TB                             n_ion:  initialized                                                                                     
08:08:42 DEBUG    00.872 TB                         whalo_sfr:  initialized                                                                                     
08:08:42 DEBUG    00.872 TB               log10_Mcrit_ACG_ave: None                                                                                             
08:08:42 DEBUG    00.872 TB               log10_Mcrit_MCG_ave: 5.780624439172605                                                                                
08:08:42 DEBUG    00.872 TB                                                                                                                                     
08:08:42 DEBUG    00.872 TB     2.795893805767131                                                                                                               
08:08:42 DEBUG    00.872 TB     3.271724395397349                                                                                                               
08:08:42 DEBUG    00.872 TB     8                                                                                                                               
08:08:42 DEBUG    00.872 TB     0.0                                                                                                                             
08:21:50 DEBUG    00.909 TB Calling UpdateXraySourceBox with following args:                                                                                    
08:22:49 DEBUG    00.909 TB                                                                                                                                     
08:22:49 DEBUG    00.909 TB                       HaloBox       1st:         End:         Min:         Max:         Mean:                                       
08:22:49 DEBUG    00.909 TB                          halo_sfr:  4.6652e-19,  1.1166e-17,  5.5033e-25,  1.5044e-11,  5.2249e-16                                  
08:22:49 DEBUG    00.909 TB                     halo_sfr_mini:  9.2875e-17,  9.2872e-16,  6.0558e-21,  1.9475e-11,  1.1205e-14                                  
08:22:49 DEBUG    00.909 TB                         halo_xray:  1.7138e-06,  1.7211e-05,  1.1190e-10,  6.1629e-01,  2.1393e-04                                  
08:22:49 DEBUG    00.909 TB                             n_ion:  initialized                                                                                     
08:22:49 DEBUG    00.909 TB                         whalo_sfr:  initialized                                                                                     
08:22:49 DEBUG    00.909 TB               log10_Mcrit_ACG_ave: None                                                                                             
08:22:49 DEBUG    00.909 TB               log10_Mcrit_MCG_ave: 5.780376031478578                                                                                
08:22:49 DEBUG    00.909 TB                                                                                                                                     
08:22:49 DEBUG    00.909 TB     3.271724395397349                                                                                                               
08:22:49 DEBUG    00.909 TB     3.828536154469985                                                                                                               
08:22:49 DEBUG    00.909 TB     9                                                                                                                               
08:22:49 DEBUG    00.909 TB     0.0                                                                                                                             
08:36:04 DEBUG    00.946 TB Calling UpdateXraySourceBox with following args:                                                                                    
08:37:03 DEBUG    00.946 TB                                                                                                                                     
08:37:03 DEBUG    00.946 TB                       HaloBox       1st:         End:         Min:         Max:         Mean:                                       
08:37:03 DEBUG    00.946 TB                          halo_sfr:  4.6196e-19,  1.1060e-17,  5.4427e-25,  1.4939e-11,  5.1807e-16                                  
08:37:03 DEBUG    00.946 TB                     halo_sfr_mini:  9.2164e-17,  9.2181e-16,  6.0018e-21,  1.9390e-11,  1.1133e-14                                  
08:37:03 DEBUG    00.946 TB                         halo_xray:  1.7008e-06,  1.7083e-05,  1.1091e-10,  6.1298e-01,  2.1254e-04                                  
08:37:03 DEBUG    00.946 TB                             n_ion:  initialized                                                                                     
08:37:03 DEBUG    00.946 TB                         whalo_sfr:  initialized                                                                                     
08:37:03 DEBUG    00.946 TB               log10_Mcrit_ACG_ave: None                                                                                             
08:37:03 DEBUG    00.946 TB               log10_Mcrit_MCG_ave: 5.78008534750808                                                                                 
08:37:03 DEBUG    00.946 TB                                                                                                                                     
08:37:03 DEBUG    00.946 TB     3.828536154469985                                                                                                               
08:37:03 DEBUG    00.946 TB     4.480111193566369                                                                                                               
08:37:03 DEBUG    00.946 TB     10                                                                                                                              
08:37:03 DEBUG    00.946 TB     0.0                                                                                                                             
08:50:11 DEBUG    00.983 TB Calling UpdateXraySourceBox with following args:                                                                                    
08:51:10 DEBUG    00.983 TB                                                                                                                                     
08:51:10 DEBUG    00.983 TB                       HaloBox       1st:         End:         Min:         Max:         Mean:                                       
08:51:10 DEBUG    00.983 TB                          halo_sfr:  4.5663e-19,  1.0935e-17,  5.3718e-25,  1.4817e-11,  5.1290e-16                                  
08:51:10 DEBUG    00.983 TB                     halo_sfr_mini:  9.1332e-17,  9.1372e-16,  5.9387e-21,  1.9291e-11,  1.1048e-14                                  
08:51:10 DEBUG    00.983 TB                         halo_xray:  1.6855e-06,  1.6934e-05,  1.0975e-10,  6.0910e-01,  2.1091e-04                                  
08:51:10 DEBUG    00.983 TB                             n_ion:  initialized                                                                                     
08:51:10 DEBUG    00.983 TB                         whalo_sfr:  initialized                                                                                     
08:51:10 DEBUG    00.983 TB               log10_Mcrit_ACG_ave: None                                                                                             
08:51:10 DEBUG    00.983 TB               log10_Mcrit_MCG_ave: 5.779745192300586                                                                                
08:51:10 DEBUG    00.983 TB                                                                                                                                     
08:51:10 DEBUG    00.983 TB     4.480111193566369                                                                                                               
08:51:10 DEBUG    00.983 TB     5.242577187963718                                                                                                               
08:51:10 DEBUG    00.983 TB     11                                                                                                                              
08:51:10 DEBUG    00.983 TB     0.0                                                                                                                             
09:04:49 DEBUG    01.019 TB Calling UpdateXraySourceBox with following args:                                                                                    
09:05:40 DEBUG    01.019 TB                                                                                                                                     
09:05:40 DEBUG    01.019 TB                       HaloBox       1st:         End:         Min:         Max:         Mean:                                       
09:05:40 DEBUG    01.019 TB                          halo_sfr:  4.5038e-19,  1.0788e-17,  5.2887e-25,  1.4673e-11,  5.0683e-16                                  
09:05:40 DEBUG    01.019 TB                     halo_sfr_mini:  9.0357e-17,  9.0425e-16,  5.8646e-21,  1.9175e-11,  1.0949e-14                                  
09:05:40 DEBUG    01.019 TB                         halo_xray:  1.6676e-06,  1.6759e-05,  1.0839e-10,  6.0455e-01,  2.0900e-04                                  
09:05:40 DEBUG    01.019 TB                             n_ion:  initialized                                                                                     
09:05:40 DEBUG    01.019 TB                         whalo_sfr:  initialized                                                                                     
09:05:40 DEBUG    01.019 TB               log10_Mcrit_ACG_ave: None                                                                                             
09:05:40 DEBUG    01.019 TB               log10_Mcrit_MCG_ave: 5.779346480920399                                                                                
09:05:40 DEBUG    01.019 TB                                                                                                                                     
09:05:40 DEBUG    01.019 TB     5.242577187963718                                                                                                               
09:05:40 DEBUG    01.019 TB     6.134806567128654                                                                                                               
09:05:40 DEBUG    01.019 TB     12                                                                                                                              
09:05:40 DEBUG    01.019 TB     0.0                                                                                                                             
09:18:59 DEBUG    01.056 TB Calling UpdateXraySourceBox with following args:                                                                                    
09:19:52 DEBUG    01.056 TB                                                                                                                                     
09:19:52 DEBUG    01.056 TB                       HaloBox       1st:         End:         Min:         Max:         Mean:                                       
09:19:52 DEBUG    01.056 TB                          halo_sfr:  4.4305e-19,  1.0616e-17,  5.1912e-25,  1.4504e-11,  4.9972e-16                                  
09:19:52 DEBUG    01.056 TB                     halo_sfr_mini:  8.9214e-17,  8.9313e-16,  5.7778e-21,  1.9039e-11,  1.0832e-14                                  
09:19:52 DEBUG    01.056 TB                         halo_xray:  1.6466e-06,  1.6554e-05,  1.0679e-10,  5.9922e-01,  2.0676e-04                                  
09:19:52 DEBUG    01.056 TB                             n_ion:  initialized                                                                                     
09:19:52 DEBUG    01.056 TB                         whalo_sfr:  initialized                                                                                     
09:19:52 DEBUG    01.056 TB               log10_Mcrit_ACG_ave: None                                                                                             
09:19:52 DEBUG    01.056 TB               log10_Mcrit_MCG_ave: 5.778878786661473                                                                                
09:19:52 DEBUG    01.056 TB                                                                                                                                     
09:19:52 DEBUG    01.056 TB     6.134806567128654                                                                                                               
09:19:52 DEBUG    01.056 TB     7.178883641902678                                                                                                               
09:19:52 DEBUG    01.056 TB     13                                                                                                                              
09:19:52 DEBUG    01.056 TB     0.0                                                                                                                             
09:32:57 DEBUG    01.093 TB Calling UpdateXraySourceBox with following args:                                                                                    
09:33:50 DEBUG    01.093 TB                                                                                                                                     
09:33:50 DEBUG    01.093 TB                       HaloBox       1st:         End:         Min:         Max:         Mean:                                       
09:33:50 DEBUG    01.093 TB                          halo_sfr:  4.3446e-19,  1.0415e-17,  5.0770e-25,  1.4307e-11,  4.9140e-16                                  
09:33:50 DEBUG    01.093 TB                     halo_sfr_mini:  8.7874e-17,  8.8011e-16,  5.6761e-21,  1.8880e-11,  1.0695e-14                                  
09:33:50 DEBUG    01.093 TB                         halo_xray:  1.6220e-06,  1.6314e-05,  1.0492e-10,  5.9297e-01,  2.0414e-04                                  
09:33:50 DEBUG    01.093 TB                             n_ion:  initialized                                                                                     
09:33:50 DEBUG    01.093 TB                         whalo_sfr:  initialized                                                                                     
09:33:50 DEBUG    01.093 TB               log10_Mcrit_ACG_ave: None                                                                                             
09:33:50 DEBUG    01.093 TB               log10_Mcrit_MCG_ave: 5.778331034862729                                                                                
09:33:50 DEBUG    01.093 TB                                                                                                                                     
09:33:50 DEBUG    01.093 TB     7.178883641902678                                                                                                               
09:33:50 DEBUG    01.093 TB     8.400651231632722                                                                                                               
09:33:50 DEBUG    01.093 TB     14                                                                                                                              
09:33:50 DEBUG    01.093 TB     0.0                                                                                                                             
09:47:04 DEBUG    01.130 TB Calling UpdateXraySourceBox with following args:                                                                                    
09:47:58 DEBUG    01.130 TB                                                                                                                                     
09:47:58 DEBUG    01.130 TB                       HaloBox       1st:         End:         Min:         Max:         Mean:                                       
09:47:58 DEBUG    01.130 TB                          halo_sfr:  4.2442e-19,  1.0180e-17,  4.9434e-25,  1.4075e-11,  4.8165e-16                                  
09:47:58 DEBUG    01.130 TB                     halo_sfr_mini:  8.6307e-17,  8.6488e-16,  5.5571e-21,  1.8693e-11,  1.0535e-14                                  
09:47:58 DEBUG    01.130 TB                         halo_xray:  1.5932e-06,  1.6032e-05,  1.0273e-10,  5.8566e-01,  2.0108e-04                                  
09:47:58 DEBUG    01.130 TB                             n_ion:  initialized                                                                                     
09:47:58 DEBUG    01.130 TB                         whalo_sfr:  initialized                                                                                     
09:47:58 DEBUG    01.130 TB               log10_Mcrit_ACG_ave: None                                                                                             
09:47:58 DEBUG    01.130 TB               log10_Mcrit_MCG_ave: 5.77769006169026                                                                                 
09:47:58 DEBUG    01.130 TB                                                                                                                                     
09:47:58 DEBUG    01.130 TB     8.400651231632722                                                                                                               
09:47:58 DEBUG    01.130 TB     9.830350321269226                                                                                                               
09:47:58 DEBUG    01.130 TB     15                                                                                                                              
09:47:58 DEBUG    01.130 TB     0.0                                                                                                                             
10:01:13 DEBUG    01.167 TB Calling UpdateXraySourceBox with following args:                                                                                    
10:02:02 DEBUG    01.167 TB                                                                                                                                     
10:02:02 DEBUG    01.167 TB                       HaloBox       1st:         End:         Min:         Max:         Mean:                                       
10:02:02 DEBUG    01.167 TB                          halo_sfr:  4.1264e-19,  9.9037e-18,  4.7868e-25,  1.3804e-11,  4.7023e-16                                  
10:02:02 DEBUG    01.167 TB                     halo_sfr_mini:  8.4469e-17,  8.4701e-16,  5.4176e-21,  1.8475e-11,  1.0348e-14                                  
10:02:02 DEBUG    01.167 TB                         halo_xray:  1.5595e-06,  1.5703e-05,  1.0016e-10,  5.7709e-01,  1.9748e-04                                  
10:02:02 DEBUG    01.167 TB                             n_ion:  initialized                                                                                     
10:02:02 DEBUG    01.167 TB                         whalo_sfr:  initialized                                                                                     
10:02:02 DEBUG    01.167 TB               log10_Mcrit_ACG_ave: None                                                                                             
10:02:02 DEBUG    01.167 TB               log10_Mcrit_MCG_ave: 5.7769384596079245                                                                               
10:02:02 DEBUG    01.167 TB                                                                                                                                     
10:02:02 DEBUG    01.167 TB     9.830350321269226                                                                                                               
10:02:02 DEBUG    01.167 TB     11.503368581116083                                                                                                              
10:02:02 DEBUG    01.167 TB     16                                                                                                                              
10:02:02 DEBUG    01.167 TB     0.0                                                                                                                             
10:14:57 DEBUG    01.203 TB Calling UpdateXraySourceBox with following args:                                                                                    
10:15:34 DEBUG    01.203 TB                                                                                                                                     
10:15:34 DEBUG    01.203 TB                       HaloBox       1st:         End:         Min:         Max:         Mean:                                       
10:15:34 DEBUG    01.203 TB                          halo_sfr:  3.9882e-19,  9.5799e-18,  4.6030e-25,  1.3486e-11,  4.5682e-16                                  
10:15:34 DEBUG    01.203 TB                     halo_sfr_mini:  8.2314e-17,  8.2606e-16,  5.2539e-21,  1.8218e-11,  1.0128e-14                                  
10:15:34 DEBUG    01.203 TB                         halo_xray:  1.5199e-06,  1.5316e-05,  9.7154e-11,  5.6704e-01,  1.9326e-04                                  
10:15:34 DEBUG    01.203 TB                             n_ion:  initialized                                                                                     
10:15:34 DEBUG    01.203 TB                         whalo_sfr:  initialized                                                                                     
10:15:34 DEBUG    01.203 TB               log10_Mcrit_ACG_ave: None                                                                                             
10:15:34 DEBUG    01.203 TB               log10_Mcrit_MCG_ave: 5.776056869014669                                                                                
10:15:34 DEBUG    01.203 TB                                                                                                                                     
10:15:34 DEBUG    01.203 TB     11.503368581116083                                                                                                              
10:15:34 DEBUG    01.203 TB     13.46111627646688                                                                                                               
10:15:34 DEBUG    01.203 TB     17                                                                                                                              
10:15:34 DEBUG    01.203 TB     0.0                                                                                                                             
10:27:25 DEBUG    01.240 TB Calling UpdateXraySourceBox with following args:                                                                                    
10:27:56 DEBUG    01.240 TB                                                                                                                                     
10:27:56 DEBUG    01.240 TB                       HaloBox       1st:         End:         Min:         Max:         Mean:                                       
10:27:56 DEBUG    01.240 TB                          halo_sfr:  3.8262e-19,  9.2003e-18,  4.3877e-25,  1.3114e-11,  4.4112e-16                                  
10:27:56 DEBUG    01.240 TB                     halo_sfr_mini:  7.9787e-17,  8.0150e-16,  5.0621e-21,  1.7918e-11,  9.8696e-15                                  
10:27:56 DEBUG    01.240 TB                         halo_xray:  1.4736e-06,  1.4862e-05,  9.3625e-11,  5.5525e-01,  1.8832e-04                                  
10:27:56 DEBUG    01.240 TB                             n_ion:  initialized                                                                                     
10:27:56 DEBUG    01.240 TB                         whalo_sfr:  initialized                                                                                     
10:27:56 DEBUG    01.240 TB               log10_Mcrit_ACG_ave: None                                                                                             
10:27:56 DEBUG    01.240 TB               log10_Mcrit_MCG_ave: 5.7750236163665765                                                                               
10:27:56 DEBUG    01.240 TB                                                                                                                                     
10:27:56 DEBUG    01.240 TB     13.46111627646688                                                                                                               
10:27:56 DEBUG    01.240 TB     15.75205124749476                                                                                                               
10:27:56 DEBUG    01.240 TB     18                                                                                                                              
10:27:56 DEBUG    01.240 TB     0.0                                                                                                                             
10:39:37 DEBUG    01.277 TB Calling UpdateXraySourceBox with following args:                                                                                    
10:40:07 DEBUG    01.277 TB                                                                                                                                     
10:40:07 DEBUG    01.277 TB                       HaloBox       1st:         End:         Min:         Max:         Mean:                                       
10:40:07 DEBUG    01.277 TB                          halo_sfr:  3.6362e-19,  8.7551e-18,  4.1350e-25,  1.2676e-11,  4.2269e-16                                  
10:40:07 DEBUG    01.277 TB                     halo_sfr_mini:  7.6823e-17,  7.7270e-16,  4.8370e-21,  1.7565e-11,  9.5671e-15                                  
10:40:07 DEBUG    01.277 TB                         halo_xray:  1.4191e-06,  1.4331e-05,  8.9485e-11,  5.4143e-01,  1.8252e-04                                  
10:40:07 DEBUG    01.277 TB                             n_ion:  initialized                                                                                     
10:40:07 DEBUG    01.277 TB                         whalo_sfr:  initialized                                                                                     
10:40:07 DEBUG    01.277 TB               log10_Mcrit_ACG_ave: None                                                                                             
10:40:07 DEBUG    01.277 TB               log10_Mcrit_MCG_ave: 5.773811485775008                                                                                
10:40:07 DEBUG    01.277 TB                                                                                                                                     
10:40:07 DEBUG    01.277 TB     15.75205124749476                                                                                                               
10:40:07 DEBUG    01.277 TB     18.432878329524893                                                                                                              
10:40:07 DEBUG    01.277 TB     19                                                                                                                              
10:40:07 DEBUG    01.277 TB     0.0                                                                                                                             
10:51:41 DEBUG    01.314 TB Calling UpdateXraySourceBox with following args:                                                                                    
10:52:12 DEBUG    01.314 TB                                                                                                                                     
10:52:13 DEBUG    01.314 TB                       HaloBox       1st:         End:         Min:         Max:         Mean:                                       
10:52:13 DEBUG    01.314 TB                          halo_sfr:  3.4132e-19,  8.2324e-18,  3.8384e-25,  1.2163e-11,  4.0106e-16                                  
10:52:13 DEBUG    01.314 TB                     halo_sfr_mini:  7.3344e-17,  7.3888e-16,  4.5729e-21,  1.7151e-11,  9.2120e-15                                  
10:52:13 DEBUG    01.314 TB                         halo_xray:  1.3553e-06,  1.3706e-05,  8.4625e-11,  5.2520e-01,  1.7571e-04                                  
10:52:13 DEBUG    01.314 TB                             n_ion:  initialized                                                                                     
10:52:13 DEBUG    01.314 TB                         whalo_sfr:  initialized                                                                                     
10:52:13 DEBUG    01.314 TB               log10_Mcrit_ACG_ave: None                                                                                             
10:52:13 DEBUG    01.314 TB               log10_Mcrit_MCG_ave: 5.772388587414414                                                                                
10:52:13 DEBUG    01.314 TB                                                                                                                                     
10:52:13 DEBUG    01.314 TB     18.432878329524893                                                                                                              
10:52:13 DEBUG    01.314 TB     21.569952901537594                                                                                                              
10:52:13 DEBUG    01.314 TB     20                                                                                                                              
10:52:13 DEBUG    01.314 TB     0.0                                                                                                                             
11:03:46 DEBUG    01.351 TB Calling UpdateXraySourceBox with following args:                                                                                    
11:04:17 DEBUG    01.351 TB                                                                                                                                     
11:04:17 DEBUG    01.351 TB                       HaloBox       1st:         End:         Min:         Max:         Mean:                                       
11:04:17 DEBUG    01.351 TB                          halo_sfr:  3.1513e-19,  7.6188e-18,  3.4903e-25,  1.1560e-11,  3.7566e-16                                  
11:04:17 DEBUG    01.351 TB                     halo_sfr_mini:  6.9259e-17,  6.9918e-16,  4.2627e-21,  1.6665e-11,  8.7951e-15                                  
11:04:17 DEBUG    01.351 TB                         halo_xray:  1.2803e-06,  1.2973e-05,  7.8920e-11,  5.0615e-01,  1.6772e-04                                  
11:04:17 DEBUG    01.351 TB                             n_ion:  initialized                                                                                     
11:04:17 DEBUG    01.351 TB                         whalo_sfr:  initialized                                                                                     
11:04:17 DEBUG    01.351 TB               log10_Mcrit_ACG_ave: None                                                                                             
11:04:17 DEBUG    01.351 TB               log10_Mcrit_MCG_ave: 5.770718125367165                                                                                
11:04:17 DEBUG    01.351 TB                                                                                                                                     
11:04:17 DEBUG    01.351 TB     21.569952901537594                                                                                                              
11:04:17 DEBUG    01.351 TB     25.24092330329738                                                                                                               
11:04:17 DEBUG    01.351 TB     21                                                                                                                              
11:04:17 DEBUG    01.351 TB     0.0                                                                                                                             
11:15:57 DEBUG    01.388 TB Calling UpdateXraySourceBox with following args:                                                                                    
11:16:36 DEBUG    01.388 TB                                                                                                                                     
11:16:36 DEBUG    01.388 TB                       HaloBox       1st:         End:         Min:         Max:         Mean:                                       
11:16:36 DEBUG    01.388 TB                          halo_sfr:  2.8438e-19,  6.8980e-18,  3.0813e-25,  1.0853e-11,  3.4583e-16                                  
11:16:36 DEBUG    01.388 TB                     halo_sfr_mini:  6.4461e-17,  6.5254e-16,  3.8984e-21,  1.6094e-11,  8.3054e-15                                  
11:16:36 DEBUG    01.388 TB                         halo_xray:  1.1922e-06,  1.2112e-05,  7.2219e-11,  4.8377e-01,  1.5833e-04                                  
11:16:36 DEBUG    01.388 TB                             n_ion:  initialized                                                                                     
11:16:36 DEBUG    01.388 TB                         whalo_sfr:  initialized                                                                                     
11:16:36 DEBUG    01.388 TB               log10_Mcrit_ACG_ave: None                                                                                             
11:16:36 DEBUG    01.388 TB               log10_Mcrit_MCG_ave: 5.768755915046369                                                                                
11:16:36 DEBUG    01.388 TB                                                                                                                                     
11:16:36 DEBUG    01.388 TB     25.24092330329738                                                                                                               
11:16:36 DEBUG    01.388 TB     29.536652773939306                                                                                                              
11:16:36 DEBUG    01.388 TB     22                                                                                                                              
11:16:36 DEBUG    01.388 TB     0.0                                                                                                                             
11:28:14 DEBUG    01.425 TB Calling UpdateXraySourceBox with following args:                                                                                    
11:28:45 DEBUG    01.425 TB                                                                                                                                     
11:28:45 DEBUG    01.425 TB                       HaloBox       1st:         End:         Min:         Max:         Mean:                                       
11:28:45 DEBUG    01.425 TB                          halo_sfr:  2.6184e-19,  6.3633e-18,  2.8038e-25,  1.0244e-11,  3.2224e-16                                  
11:28:45 DEBUG    01.425 TB                     halo_sfr_mini:  6.0484e-17,  6.1349e-16,  3.6177e-21,  1.5525e-11,  7.8731e-15                                  
11:28:45 DEBUG    01.425 TB                         halo_xray:  1.1190e-06,  1.1390e-05,  6.7041e-11,  4.6302e-01,  1.5006e-04                                  
11:28:45 DEBUG    01.425 TB                             n_ion:  initialized                                                                                     
11:28:45 DEBUG    01.425 TB                         whalo_sfr:  initialized                                                                                     
11:28:45 DEBUG    01.425 TB               log10_Mcrit_ACG_ave: None                                                                                             
11:28:45 DEBUG    01.425 TB               log10_Mcrit_MCG_ave: 5.766506629660849                                                                                
11:28:45 DEBUG    01.425 TB                                                                                                                                     
11:28:45 DEBUG    01.425 TB     29.536652773939306                                                                                                              
11:28:45 DEBUG    01.425 TB     34.56346848351174                                                                                                               
11:28:45 DEBUG    01.425 TB     23                                                                                                                              
11:28:45 DEBUG    01.425 TB     0.0                                                                                                                             
11:40:37 DEBUG    01.461 TB Calling UpdateXraySourceBox with following args:                                                                                    
11:41:10 DEBUG    01.461 TB                                                                                                                                     
11:41:10 DEBUG    01.461 TB                       HaloBox       1st:         End:         Min:         Max:         Mean:                                       
11:41:10 DEBUG    01.461 TB                          halo_sfr:  2.3764e-19,  5.7873e-18,  2.5117e-25,  9.5667e-12,  2.9642e-16                                  
11:41:10 DEBUG    01.461 TB                     halo_sfr_mini:  5.6086e-17,  5.7023e-16,  3.3124e-21,  1.4872e-11,  7.3888e-15                                  
11:41:10 DEBUG    01.461 TB                         halo_xray:  1.0380e-06,  1.0590e-05,  6.1408e-11,  4.3954e-01,  1.4080e-04                                  
11:41:10 DEBUG    01.461 TB                             n_ion:  initialized                                                                                     
11:41:10 DEBUG    01.461 TB                         whalo_sfr:  initialized                                                                                     
11:41:10 DEBUG    01.461 TB               log10_Mcrit_ACG_ave: None                                                                                             
11:41:10 DEBUG    01.461 TB               log10_Mcrit_MCG_ave: 5.763869745246577                                                                                
11:41:10 DEBUG    01.461 TB                                                                                                                                     
11:41:10 DEBUG    01.461 TB     34.56346848351174                                                                                                               
11:41:10 DEBUG    01.461 TB     40.445793325124356                                                                                                              
11:41:10 DEBUG    01.461 TB     24                                                                                                                              
11:41:10 DEBUG    01.461 TB     0.0                                                                                                                             
11:52:48 DEBUG    01.498 TB Calling UpdateXraySourceBox with following args:                                                                                    
11:53:20 DEBUG    01.498 TB                                                                                                                                     
11:53:20 DEBUG    01.498 TB                       HaloBox       1st:         End:         Min:         Max:         Mean:                                       
11:53:20 DEBUG    01.498 TB                          halo_sfr:  2.0914e-19,  5.1091e-18,  2.1679e-25,  8.7686e-12,  2.6602e-16                                  
11:53:20 DEBUG    01.498 TB                     halo_sfr_mini:  5.0907e-17,  5.1928e-16,  2.9530e-21,  1.4104e-11,  6.8186e-15                                  
11:53:20 DEBUG    01.498 TB                         halo_xray:  9.4271e-07,  9.6476e-06,  5.4775e-11,  4.1189e-01,  1.2990e-04                                  
11:53:20 DEBUG    01.498 TB                             n_ion:  initialized                                                                                     
11:53:20 DEBUG    01.498 TB                         whalo_sfr:  initialized                                                                                     
11:53:20 DEBUG    01.498 TB               log10_Mcrit_ACG_ave: None                                                                                             
11:53:20 DEBUG    01.498 TB               log10_Mcrit_MCG_ave: 5.760764994865124                                                                                
11:53:20 DEBUG    01.498 TB                                                                                                                                     
11:53:20 DEBUG    01.498 TB     40.445793325124356                                                                                                              
11:53:20 DEBUG    01.498 TB     47.329225609375705                                                                                                              
11:53:20 DEBUG    01.498 TB     25                                                                                                                              
11:53:20 DEBUG    01.498 TB     0.0                                                                                                                             
12:05:25 DEBUG    01.535 TB Calling UpdateXraySourceBox with following args:                                                                                    
12:06:00 DEBUG    01.535 TB                                                                                                                                     
12:06:00 DEBUG    01.535 TB                       HaloBox       1st:         End:         Min:         Max:         Mean:                                       
12:06:00 DEBUG    01.535 TB                          halo_sfr:  1.7554e-19,  4.3094e-18,  1.7624e-25,  7.8277e-12,  2.3018e-16                                  
12:06:00 DEBUG    01.535 TB                     halo_sfr_mini:  4.4802e-17,  4.5921e-16,  2.5292e-21,  1.3198e-11,  6.1462e-15                                  
12:06:00 DEBUG    01.535 TB                         halo_xray:  8.3030e-07,  8.5366e-06,  4.6954e-11,  3.7930e-01,  1.1704e-04                                  
12:06:00 DEBUG    01.535 TB                             n_ion:  initialized                                                                                     
12:06:00 DEBUG    01.535 TB                         whalo_sfr:  initialized                                                                                     
12:06:00 DEBUG    01.535 TB               log10_Mcrit_ACG_ave: None                                                                                             
12:06:00 DEBUG    01.535 TB               log10_Mcrit_MCG_ave: 5.757104302561128                                                                                
12:06:00 DEBUG    01.535 TB                                                                                                                                     
12:06:00 DEBUG    01.535 TB     47.329225609375705                                                                                                              
12:06:00 DEBUG    01.535 TB     55.384142889136854                                                                                                              
12:06:00 DEBUG    01.535 TB     26                                                                                                                              
12:06:00 DEBUG    01.535 TB     0.0                                                                                                                             
12:18:03 DEBUG    01.572 TB Calling UpdateXraySourceBox with following args:                                                                                    
12:18:35 DEBUG    01.572 TB                                                                                                                                     
12:18:35 DEBUG    01.572 TB                       HaloBox       1st:         End:         Min:         Max:         Mean:                                       
12:18:35 DEBUG    01.572 TB                          halo_sfr:  1.4475e-19,  3.5722e-18,  1.4037e-25,  6.8954e-12,  1.9610e-16                                  
12:18:35 DEBUG    01.572 TB                     halo_sfr_mini:  3.8868e-17,  4.0041e-16,  2.1312e-21,  1.2228e-11,  5.4709e-15                                  
12:18:35 DEBUG    01.572 TB                         halo_xray:  7.2093e-07,  7.4480e-06,  3.9600e-11,  3.4563e-01,  1.0414e-04                                  
12:18:35 DEBUG    01.572 TB                             n_ion:  initialized                                                                                     
12:18:35 DEBUG    01.572 TB                         whalo_sfr:  initialized                                                                                     
12:18:35 DEBUG    01.572 TB               log10_Mcrit_ACG_ave: None                                                                                             
12:18:35 DEBUG    01.572 TB               log10_Mcrit_MCG_ave: 5.752836747667813                                                                                
12:18:35 DEBUG    01.572 TB                                                                                                                                     
12:18:35 DEBUG    01.572 TB     55.384142889136854                                                                                                              
12:18:35 DEBUG    01.572 TB     64.80991911595295                                                                                                               
12:18:35 DEBUG    01.572 TB     27                                                                                                                              
12:18:35 DEBUG    01.572 TB     0.0                                                                                                                             
12:30:28 DEBUG    01.609 TB Calling UpdateXraySourceBox with following args:                                                                                    
12:31:00 DEBUG    01.609 TB                                                                                                                                     
12:31:00 DEBUG    01.609 TB                       HaloBox       1st:         End:         Min:         Max:         Mean:                                       
12:31:00 DEBUG    01.609 TB                          halo_sfr:  1.1853e-19,  2.9385e-18,  1.1175e-25,  5.9982e-12,  1.6528e-16                                  
12:31:00 DEBUG    01.609 TB                     halo_sfr_mini:  3.3317e-17,  3.4478e-16,  1.7781e-21,  1.1198e-11,  4.8086e-15                                  
12:31:00 DEBUG    01.609 TB                         halo_xray:  6.1844e-07,  6.4172e-06,  3.3065e-11,  3.1135e-01,  9.1505e-05                                  
12:31:00 DEBUG    01.609 TB                             n_ion:  initialized                                                                                     
12:31:00 DEBUG    01.609 TB                         whalo_sfr:  initialized                                                                                     
12:31:00 DEBUG    01.609 TB               log10_Mcrit_ACG_ave: None                                                                                             
12:31:00 DEBUG    01.609 TB               log10_Mcrit_MCG_ave: 5.747853486705115                                                                                
12:31:00 DEBUG    01.609 TB                                                                                                                                     
12:31:00 DEBUG    01.609 TB     64.80991911595295                                                                                                               
12:31:00 DEBUG    01.609 TB     75.83985951040546                                                                                                               
12:31:00 DEBUG    01.609 TB     28                                                                                                                              
12:31:00 DEBUG    01.609 TB     0.0                                                                                                                             
12:42:29 DEBUG    01.646 TB Calling UpdateXraySourceBox with following args:                                                                                    
12:43:00 DEBUG    01.646 TB                                                                                                                                     
12:43:00 DEBUG    01.646 TB                       HaloBox       1st:         End:         Min:         Max:         Mean:                                       
12:43:00 DEBUG    01.646 TB                          halo_sfr:  8.7487e-20,  2.1879e-18,  7.7840e-26,  4.9354e-12,  1.2877e-16                                  
12:43:00 DEBUG    01.646 TB                     halo_sfr_mini:  2.6742e-17,  2.7890e-16,  1.3599e-21,  9.9782e-12,  4.0242e-15                                  
12:43:00 DEBUG    01.646 TB                         halo_xray:  4.9704e-07,  5.1963e-06,  2.5325e-11,  2.7076e-01,  7.6537e-05                                  
12:43:00 DEBUG    01.646 TB                             n_ion:  initialized                                                                                     
12:43:00 DEBUG    01.646 TB                         whalo_sfr:  initialized                                                                                     
12:43:00 DEBUG    01.646 TB               log10_Mcrit_ACG_ave: None                                                                                             
12:43:00 DEBUG    01.646 TB               log10_Mcrit_MCG_ave: 5.741950977928053                                                                                
12:43:00 DEBUG    01.646 TB                                                                                                                                     
12:43:00 DEBUG    01.646 TB     75.83985951040546                                                                                                               
12:43:00 DEBUG    01.646 TB     88.74697529351283                                                                                                               
12:43:00 DEBUG    01.646 TB     29                                                                                                                              
12:43:00 DEBUG    01.646 TB     0.0                                                                                                                             
12:54:52 DEBUG    01.682 TB Calling UpdateXraySourceBox with following args:                                                                                    
12:55:25 DEBUG    01.682 TB                                                                                                                                     
12:55:25 DEBUG    01.682 TB                       HaloBox       1st:         End:         Min:         Max:         Mean:                                       
12:55:25 DEBUG    01.682 TB                          halo_sfr:  6.6325e-20,  1.6688e-18,  5.6758e-26,  4.0621e-12,  1.0153e-16                                  
12:55:25 DEBUG    01.682 TB                     halo_sfr_mini:  2.1577e-17,  2.2643e-16,  1.0576e-21,  8.8005e-12,  3.3596e-15                                  
12:55:25 DEBUG    01.682 TB                         halo_xray:  4.0144e-07,  4.2220e-06,  1.9714e-11,  2.3404e-01,  6.3878e-05                                  
12:55:25 DEBUG    01.682 TB                             n_ion:  initialized                                                                                     
12:55:25 DEBUG    01.682 TB                         whalo_sfr:  initialized                                                                                     
12:55:25 DEBUG    01.682 TB               log10_Mcrit_ACG_ave: None                                                                                             
12:55:25 DEBUG    01.682 TB               log10_Mcrit_MCG_ave: 5.73511959568137                                                                                 
12:55:25 DEBUG    01.682 TB                                                                                                                                     
12:55:25 DEBUG    01.682 TB     88.74697529351283                                                                                                               
12:55:25 DEBUG    01.682 TB     103.85074121434472                                                                                                              
12:55:25 DEBUG    01.682 TB     30                                                                                                                              
12:55:25 DEBUG    01.682 TB     0.0                                                                                                                             
13:07:16 DEBUG    01.719 TB Calling UpdateXraySourceBox with following args:                                                                                    
13:07:50 DEBUG    01.719 TB                                                                                                                                     
13:07:50 DEBUG    01.719 TB                       HaloBox       1st:         End:         Min:         Max:         Mean:                                       
13:07:50 DEBUG    01.719 TB                          halo_sfr:  4.3938e-20,  1.1181e-18,  3.4883e-26,  3.1020e-12,  7.2179e-17                                  
13:07:50 DEBUG    01.719 TB                     halo_sfr_mini:  1.5950e-17,  1.6910e-16,  7.3384e-22,  7.4615e-12,  2.6243e-15                                  
13:07:50 DEBUG    01.719 TB                         halo_xray:  2.9724e-07,  3.1571e-06,  1.3755e-11,  1.9283e-01,  4.9874e-05                                  
13:07:50 DEBUG    01.719 TB                             n_ion:  initialized                                                                                     
13:07:50 DEBUG    01.719 TB                         whalo_sfr:  initialized                                                                                     
13:07:50 DEBUG    01.719 TB               log10_Mcrit_ACG_ave: None                                                                                             
13:07:50 DEBUG    01.719 TB               log10_Mcrit_MCG_ave: 5.7270301893325986                                                                               
13:07:50 DEBUG    01.719 TB                                                                                                                                     
13:07:50 DEBUG    01.719 TB     103.85074121434472                                                                                                              
13:07:50 DEBUG    01.719 TB     121.52500313503248                                                                                                              
13:07:50 DEBUG    01.719 TB     31                                                                                                                              
13:07:50 DEBUG    01.719 TB     0.0                                                                                                                             
13:21:12 DEBUG    01.756 TB Calling UpdateXraySourceBox with following args:                                                                                    
13:21:44 DEBUG    01.756 TB                                                                                                                                     
13:21:44 DEBUG    01.756 TB                       HaloBox       1st:         End:         Min:         Max:         Mean:                                       
13:21:44 DEBUG    01.756 TB                          halo_sfr:  2.8470e-20,  7.3185e-19,  2.1155e-26,  2.3000e-12,  4.9927e-17                                  
13:21:44 DEBUG    01.756 TB                     halo_sfr_mini:  1.1458e-17,  1.2268e-16,  4.9631e-22,  6.1531e-12,  1.9914e-15                                  
13:21:44 DEBUG    01.756 TB                         halo_xray:  2.1384e-07,  2.2933e-06,  9.7451e-12,  1.5480e-01,  3.7834e-05                                  
13:21:44 DEBUG    01.756 TB                             n_ion:  initialized                                                                                     
13:21:44 DEBUG    01.756 TB                         whalo_sfr:  initialized                                                                                     
13:21:45 DEBUG    01.756 TB               log10_Mcrit_ACG_ave: None                                                                                             
13:21:45 DEBUG    01.756 TB               log10_Mcrit_MCG_ave: 5.71756145135687                                                                                 
13:21:45 DEBUG    01.756 TB                                                                                                                                     
13:21:45 DEBUG    01.756 TB     121.52500313503248                                                                                                              
13:21:45 DEBUG    01.756 TB     142.20723140038342                                                                                                              
13:21:45 DEBUG    01.756 TB     32                                                                                                                              
13:21:45 DEBUG    01.756 TB     0.0                                                                                                                             
13:34:17 DEBUG    01.793 TB Calling UpdateXraySourceBox with following args:                                                                                    
13:34:56 DEBUG    01.793 TB                                                                                                                                     
13:34:56 DEBUG    01.793 TB                       HaloBox       1st:         End:         Min:         Max:         Mean:                                       
13:34:56 DEBUG    01.793 TB                          halo_sfr:  1.6667e-20,  4.3403e-19,  1.1364e-26,  1.5949e-12,  3.1758e-17                                  
13:34:56 DEBUG    01.793 TB                     halo_sfr_mini:  7.6442e-18,  8.2853e-17,  3.0700e-22,  4.8534e-12,  1.4215e-15                                  
13:34:56 DEBUG    01.793 TB                         halo_xray:  1.4292e-07,  1.5512e-06,  7.8734e-12,  1.1851e-01,  2.6999e-05                                  
13:34:56 DEBUG    01.793 TB                             n_ion:  initialized                                                                                     
13:34:56 DEBUG    01.793 TB                         whalo_sfr:  initialized                                                                                     
13:34:56 DEBUG    01.793 TB               log10_Mcrit_ACG_ave: None                                                                                             
13:34:56 DEBUG    01.793 TB               log10_Mcrit_MCG_ave: 5.706357928375758                                                                                
13:34:56 DEBUG    01.793 TB                                                                                                                                     
13:34:56 DEBUG    01.793 TB     142.20723140038342                                                                                                              
13:34:56 DEBUG    01.793 TB     166.40934902994005                                                                                                              
13:34:56 DEBUG    01.793 TB     33                                                                                                                              
13:34:56 DEBUG    01.793 TB     0.0                                                                                                                             
13:47:20 DEBUG    01.830 TB Calling UpdateXraySourceBox with following args:                                                                                    
13:47:58 DEBUG    01.830 TB                                                                                                                                     
13:47:58 DEBUG    01.830 TB                       HaloBox       1st:         End:         Min:         Max:         Mean:                                       
13:47:58 DEBUG    01.830 TB                          halo_sfr:  8.5659e-21,  2.2670e-19,  5.2384e-27,  1.0128e-12,  1.8116e-17                                  
13:47:58 DEBUG    01.830 TB                     halo_sfr_mini:  4.6290e-18,  5.0950e-17,  1.6891e-22,  3.6482e-12,  9.3667e-16                                  
13:47:58 DEBUG    01.830 TB                         halo_xray:  8.6733e-08,  9.5564e-07,  7.0530e-12,  8.5989e-02,  1.7788e-05                                  
13:47:58 DEBUG    01.830 TB                             n_ion:  initialized                                                                                     
13:47:58 DEBUG    01.830 TB                         whalo_sfr:  initialized                                                                                     
13:47:58 DEBUG    01.830 TB               log10_Mcrit_ACG_ave: None                                                                                             
13:47:58 DEBUG    01.830 TB               log10_Mcrit_MCG_ave: 5.693125934450347                                                                                
13:47:58 DEBUG    01.830 TB                                                                                                                                     
13:47:58 DEBUG    01.830 TB     166.40934902994005                                                                                                              
13:47:58 DEBUG    01.830 TB     194.73040275006554                                                                                                              
13:47:58 DEBUG    01.830 TB     34                                                                                                                              
13:47:58 DEBUG    01.830 TB     0.0                                                                                                                             
13:57:25 DEBUG    01.903 TB ignoring Radius 35 which is above Z_HEAT_MAX                                                                                        
13:57:47 DEBUG    01.940 TB ignoring Radius 36 which is above Z_HEAT_MAX                                                                                        
13:58:09 DEBUG    01.977 TB ignoring Radius 37 which is above Z_HEAT_MAX                                                                                        
13:58:28 DEBUG    02.014 TB ignoring Radius 38 which is above Z_HEAT_MAX                                                                                        
13:58:49 DEBUG    02.051 TB ignoring Radius 39 which is above Z_HEAT_MAX                                                                                        
13:59:37 DEBUG    02.051 TB Calling ComputeTsBox with following args:                                                                                           
13:59:37 DEBUG    02.051 TB     30.043130215776173                                                                                                              
13:59:37 DEBUG    02.051 TB     30.663992820091696                                                                                                              
13:59:37 DEBUG    02.051 TB     30.043130215776173                                                                                                              
13:59:37 DEBUG    02.051 TB     False                                                                                                                           
14:00:37 DEBUG    02.051 TB                                                                                                                                     
14:00:37 DEBUG    02.051 TB                PerturbedField       1st:         End:         Min:         Max:         Mean:                                       
14:00:37 DEBUG    02.051 TB                           density: -5.2424e-02, -9.0332e-02, -4.2931e-01,  8.6445e-01, -9.2593e-12                                  
14:00:37 DEBUG    02.051 TB                        velocity_z:  2.0524e-20, -7.7877e-18, -3.9819e-16,  3.8636e-16,  3.9654e-29                                  
14:00:37 DEBUG    02.051 TB                        velocity_x:  1.1923e-16,  1.3237e-16, -3.8648e-16,  3.7913e-16, -3.6185e-25                                  
14:00:37 DEBUG    02.051 TB                        velocity_y: -3.0197e-18,  4.6991e-19, -3.8336e-16,  3.9748e-16, -1.0280e-27                                  
14:00:37 DEBUG    02.051 TB                                                                                                                                     
